speakers,clean_name,race,job,party,gender
ACHMED RASHIDI,Ahmed Rashidi,middle eastern,sme,na,male
ADEL AL JUBEIR,Adel Al Jubeir,middle eastern,foreign ambassador,na,male
ADM MIKE MULLEN,Mike Mullen,white,military,na,male
ADMIRAL MIKE MULLEN,Mike Mullen,white,military,na,male
AHMED RASHIDI ON TAPE,Ahmed Rashidi,middle eastern,sme,na,male
AINSLEY EARHARDT,Ainsley Earhardt,white,pundit,rep,female
ALANA SIMMONS,Alana Simmons,black,pundit,na,female
ALEX JAFFE,Alex Jaffe,white,journalist,na,female
ALFONSO AGUILAR,Alfonso Aguilar,hispanic,activist,rep,male
ALI VITALI,Ali Vitali,white,journalist,na,female
ALICIA GARZA,Alicia Garza,black,activist,dem,female
ALICIA MACHADO,Alicia Machado,hispanic,activist,dem,female
AMB BRETT MCGURK,Brett McGurk,white,ambassador,dem,male
AMY HOLMES,Amy Holmes,black,pundit,rep,female
AMY WALKER,Amy Walter,white,journalist,na,female
AMY WALTER,Amy Walter,white,journalist,na,female
AMY WALTERS,Amy Walters,white,journalist,na,female
ANN COMPTON,Ann Compton,white,journalist,na,female
ANN MCKEE,Ann Mckee,white,sme,na,female
ANNE GEARAN,Anne Gearan,white,journalist,na,female
ARI PERITZ,Ari Peritz,white,pundit,rep,male
ARNOLD REED,Arnold Reed,black,pundit,dem,male
ARSALAN IFTIKHAR,Arsalan Iftikhar,middle eastern,pundit,dem,male
ARTHUR BROOKS,Arthur Brooks,white,pundit,rep,male
ASH CARTER,Ash Carter,white,cabinet secretary,dem,male
ASRA NOMANI,Asra Nomani,middle eastern,journalist,na,female
AUBREY LARKIN,Aubrey Larkin,black,sme,dem,male
AUDIE CORNISH,Audie Cornish,black,journalist,na,female
AUSTIN PETERSEN,Austin Petersen,white,activist,lib,male
AYMAN MOHYELDIN,Ayman Mohyeldin,middle eastern,journalist,na,male
BARBARA McQUADE,Barbara Mcquade,white,administration,dem,female
BEN GINSBERG,Ben Ginsberg,white,pundit,rep,male
BEN SHAPIRO,Ben Shapiro,white,pundit,rep,male
BEVERLY NELSON,Beverly Nelson,white,sme,dem,female
BILL MCINTURFF,Bill Mcinturff,white,pundit,rep,male
BILL MONROE,Bill Monroe,white,journalist,na,male
BILL NEELY,Bill Neely,white,journalist,na,male
BISHOP TD JAKES,TD Jakes,black,clergy,na,male
BOB BURLESON,Bob Burleson,white,pundit,rep,male
BOB MICHEL,Bob Michel,white,elected,rep,male
BOB SIMON,Bob Simon,white,journalist,na,male
BOBBY SHRIVER,Bobby Shriver,white,activist,dem,male
BRAD TODD,Brad Todd,white,pundit,rep,male
BRADLEY PODLISKA,Bradley Podliska,white,sme,na,male
BRENDA TENNEY,Brenda Tenney,white,sme,na,female
BRETT KUHN,Brett Kuhn,white,sme,na,male
BRETT MCGURK,Brett Mcgurk,white,ambassador,dem,male
BRETT O<U+0092>DONNELL,Brett O'Donnell,white,pundit,na,male
BRIAN HANSELMAN,Brian Hanselman,white,sme,na,male
CAROL LEE,Carol Lee,white,journalist,na,female
CAROL ROSENBERG,Carol Rosenberg,white,journalist,na,female
CAROLYN RYAN,Carolyn Ryan,white,journalist,na,female
CATHY ENGELBERT,Cathy Engelbert,white,sme,na,female
CATHY LANIER,Cathy Lanier,white,sme,na,female
Chad Griffin,Chad Griffin,white,pundit,dem,male
CHANCELLOR KAYA HENDERSON,Kaya Henderson,black,administration,dem,female
CHARLES BENSON,Charles Benson,white,journalist,na,male
CHARLES RAMSEY,Charles Ramsey,black,sme,dem,male
CHARLIE BLACK,Charlie Black,white,pundit,rep,male
CHRIS CLAYTON,Chris Clayton,white,journalist,na,male
CHRIS LEHANE,Chris Lehane,white,pundit,dem,male
CHRIS RUDDY,Chris Ruddy,white,pundit,rep,male
CHRISTINA KRABLIN,Christina Krablin,white,sme,na,female
CHRISTOPHER CANTWELL,Christopher Cantwell,white,activist,rep,male
CHRISTOPHER HANSEN,Christopher Hansen,white,sme,na,male
CINDY MORRISON,Cindy Morrison,white,sme,rep,female
CLAIRE ATKINSON,Claire Atkinson,white,journalist,na,female
CLIFFORD SLOAN,Clifford Sloan,white,administration,dem,male
CLINT WATTS,Clint Watts,white,pundit,na,male
CRAIG MELVIN,Craig Melvin,black,journalist,na,male
CURLY HAUGLAND,Curly Haugland,white,activist,rep,male
CYNTHIA MCFADDEN,Cynthia Mcfadden,white,journalist,na,female
CYNTHIA MCFADDEN NATURAL SOUND,Cynthia Mcfadden,white,journalist,na,female
D WATKINS,D Watkins,black,pundit,dem,male
DALE BUMPERS,Dale Bumpers,white,elected,dem,male
DALIA MOGAHED,Dalia Mogahed,middle eastern,sme,na,female
DANNY FREEMAN,Danny Freeman,white,journalist,na,male
DARRYL W PERRY,Darryl Perry,white,activist,lib,male
DAVID BOSSIE,David Bossie,white,pundit,rep,male
DAVID BRODY,David Brody,white,pundit,rep,male
DAVID FOLKENFLIK,David Folkenflik,white,journalist,na,male
DAVID MARANISS,David Maraniss,white,journalist,na,male
DAVID MILLIBAND,David Milliband,white,foreign leader,na,male
DAVID MUIR,David Muir,white,journalist,na,male
DEAN BAQUET,Dean Baquet,black,journalist,na,male
DEAN YOUNG,Dean Young,white,pundit,rep,male
DEMAURICE SMITH,Demaurice Smith,black,sme,na,male
DIAMOND REYNOLDS,Diamond Reynolds,black,sme,na,female
Dick Gregory,Dick Gregory,black,activist,dem,male
DOUG JONES,Doug Jones,white,elected,dem,male
DR BEN CARSON,Ben Carson,black,cabinet,rep,male
DR ERIN BOWEN,Erin Bowen,white,sme,na,female
DWAYNE JOHNSON,Dwayne Johnson,black,entertainer,dem,male
ED GILLESPIE,Ed Gillespie,white,pundit,rep,male
ED HENRY,Ed Henry,white,journalist,na,male
EDDIE GLAUDE JR,Eddie Glaude,black,sme,na,male
Eddie Glaude Jr,Eddie Glaude,black,sme,na,male
Edie Windsor,Edie Windsor,white,activist,dem,female
ELIANA JOHNSON,Eliana Johnson,white,journalist,na,female
ELIE WIESEL,Elie Wiesel,white,activist,na,male
ELIJAH CUMMINGS,Elijah Cummings,black,elected,dem,male
ELISABETH BUMILLER,Elisabeth Bumiller,white,journalist,na,female
ELISE JORDAN,Elise Jordan,white,journalist,na,female
ELIZABETH WARREN,Elizabeth Warren,white,elected,dem,female
ELLE REEVE,Elle Reeve,white,journalist,na,female
ELLEN DEGENERES,Ellen Degeneres,white,entertainer,dem,female
ERIC CANTOR,Eric Cantor,white,elected,rep,male
ERIC TRUMP,Eric Trump,white,administration,rep,male
ERICK ERICKSON,Erick Erickson,white,pundit,rep,male
ERICK ERICKSON ON TAPE,Erick Erickson,white,pundit,rep,male
ERNA SOLBERG,Erna Solberg,white,foreign leader,na,female
EUGENE ROBINSON,Eugene Robinson,black,journalist,na,male
Eugene Robinson,Eugene Robinson,black,journalist,na,male
EVAN WOLFSON,Evan Wolfson,white,activist,dem,male
FIRE COMMISSIONER DANIEL NIGRO,Daniel Nigro,white,sme,dem,male
FMR AMB ROBERT FORD,Robert Ford,white,ambassador,na,male
FMR REP J C WATTS,JC Watts,black,elected,rep,male
FRANCOIS HEISBOURG,Francois Heisbourg,white,sme,na,male
FRANK LUTZ,Frank Lutz,white,pundit,rep,male
FRED ARMISEN,Fred Armisen,white,entertainer,dem,male
GABE GUTIERREZ,Gabe Gutierrez,hispanic,journalist,na,male
GARRICK UTLEY,Garrick Utley,white,journalist,na,male
GARRY TRUDEAU,Garry Trudeau,white,foreign leader,na,male
GEORGE PATAKI,George Pataki,white,activist,rep,male
GEORGE STEPHANOPOULOS,George Stephanopoulos,white,journalist,na,male
GEORGE W BUSH,George W Bush,white,elected,rep,male
GEORGE WEIGEL,George Weigel,white,activist,na,male
GEORGE WILL,George Will,white,pundit,rep,male
George Will,George Will,white,pundit,rep,male
GERALD SEIB,Gerald Seib,white,journalist,na,male
GERARD BAKER,Gerard Baker,white,journalist,na,male
Glenn Beck,Glenn Beck,white,pundit,rep,male
GLENN BECK,Glenn Beck,white,pundit,rep,male
GLORIA STEINEM,Gloria Steinem,white,activist,dem,female
GOV ASA HUTCHINSON,Asa Hutchinson,white,elected,rep,male
GOV CHRIS CHRISTIE,Chris Christie,white,elected,rep,male
GOV JEB BUSH,Jeb Bush,white,elected,rep,male
GOV JERRY BROWN,Jerry Brown,white,elected,dem,male
GOV JOHN HICKENLOOPER,John Hickenlooper,white,elected,dem,male
GOV JOHN KASICH,John Kasich,white,elected,rep,male
GOV JOHN KASICH R OH,John Kasich,white,elected,rep,male
GOV KENNETH MAPP I VI,Kenneth Mapp,black,elected,ind,male
GOV MIKE HUCKABEE,Mike Huckabee,white,elected,rep,male
GOV MITT ROMNEY,Mitt Romney,white,elected,rep,male
GOV NIKKI HALEY,Nikki Haley,asian,elected,rep,female
GOV PAT MCCRORY,Pat McCrory,white,elected,rep,male
GOV PAUL LEPAGE,Paul LePage,white,elected,rep,male
GOV RICK PERRY,Rick Perry,white,elected,rep,male
GOV RICK SCOTT,Rick Scott,white,elected,rep,male
GOV SCOTT WALKER,Scott Walker,white,elected,rep,male
GOVERNOR BOBBY JINDAL,Bobby Jindal,indian,elected,rep,male
GOVERNOR GARY JOHNSON,Gary Johnson,white,elected,rep,male
GOVERNOR JERRY BROWN,Jerry Brown,white,elected,dem,male
GOVERNOR JIM JUSTICE,Jim Justice,white,elected,rep,male
GOVERNOR JOHN KASICH,John Kasich,white,elected,rep,male
GREG BOURKE,Greg Bourke,white,activist,dem,male
GREGG POPOVICH,Gregg Popovich,white,activist,dem,male
GRETA VAN SUSTEREN,Greta Van Susteren,white,journalist,na,female
GWEN IFILL,Gwen Ifill,black,journalist,dem,female
H R MCMASTER,HR McMaster,white,administration,rep,male
HAL BOEDEKER,Hal Boedeker,white,journalist,na,male
HALEY BARBOUR,Haley Barbour,white,elected,rep,male
HALLIE JACKSON,Hallie Jackson,white,journalist,na,female
HAMEED DARWEESH,Hameed Darweesh,middle eastern,activist,dem,male
HARRY REID,Harry Reid,white,elected,dem,male
HARRY REID ON TAPE,Harry Reid,white,elected,dem,male
HARRY SMITH,Harry Smith,white,journalist,na,male
HASAN MINHAJ,Hasan Minhaj,middle eastern,entertainer,dem,male
HEATHER,Heather Mcghee,black,activist,dem,female
HEATHER McGHEE,Heather Mcghee,black,activist,dem,female
HEATHER MCGHEE,Heather Mcghee,black,activist,dem,female
Heather McGhee,Heather Mcghee,black,activist,dem,female
HELEN COOPER,Helen Cooper,black,journalist,na,female
HELENE COOPER,Helene Cooper,black,journalist,na,female
HENRY BARBOUR,Henry Barbour,white,activist,rep,male
HENRY HANK SANDERS,Henry Hank Sanders,black,elected,dem,male
HENRY KISSINGER,Henry Kissinger,white,administration,rep,male
HILLARY CLINTON,Hillary Clinton,white,cabinet secretary,dem,female
HILLARY CLINTON ARCHIVE,Hillary Clinton,white,cabinet secretary,dem,female
HOGAN GIDLEY,Hogan Gidley,white,administration,rep,male
HON JAMES ROBART,James Robart,white,judge,na,male
HOUSE SPEAKER PAUL RYAN,Paul Ryan,white,elected,rep,male
HOWARD DEAN,Howard Dean,white,elected,dem,male
HOWARD STERN,Howard Stern,white,entertainer,na,male
HUGH HEWITT,Hugh Hewitt,white,pundit,rep,male
JACK GERMOND,Jack Germond,white,journalist,na,male
JAMES CARR,James Carr,white,journalist,na,male
JAMES CARVILLE,James Carville,white,pundit,dem,male
JAMES CLAPPER,James Clapper,white,administration,na,male
JAMES COMEY,James Comey,white,administration,na,male
JAMIE DIMON,Jamie Dimon,white,sme,na,male
JAN CRAWFORD,Jan Crawford,white,journalist,na,female
JAN RADER,Jan Rader,white,sme,na,female
JANE HARMAN,Jane Harman,white,elected,dem,female
JAVAD ZARIF,Javad Zarif,middle eastern,foreign leader,na,male
JAY SEKULOW,Jay Sekulow,white,administration,rep,male
JAY WEBER,Jay Weber,white,pundit,rep,male
JEAN CHARLES BRISARD,Jean Charles Brisard,white,sme,na,male
JEANINE PIRRO,Jeanine Pirro,black,pundit,rep,female
JEFF FLAKE,Jeff Flake,white,elected,rep,male
JEFF GREENBERG,Jeff Greenfield,white,journalist,na,male
JEFF GREENFIELD,Jeff Greenfield,white,journalist,na,male
JEFF PASH,Jeff Pash,white,sme,na,male
JEFF ROE,Jeff Roe,white,pundit,rep,male
JEFF SESSIONS,Jeff Sessions,white,elected,rep,male
JEFFREY GOLDBERG,Jeffrey Goldberg,white,journalist,na,male
JEH JOHNSON,Jeh Johnson,black,cabinet secretary,dem,male
JENNIFER JACOBS,Jennifer Jacobs,white,journalist,na,female
JENNIFER PALMIERI,Jennifer Palmieri,white,pundit,dem,female
JENNIFER RUBEN,Jennifer Ruben,white,pundit,rep,female
JENNIFER RUBIN,Jennifer Rubin,white,pundit,rep,female
Jennifer Rubin,Jennifer Rubin,white,pundit,rep,female
JEREMY BASH,Jeremy Bash,white,administration,na,male
JERRY BROWN,Jerry Brown,white,elected,dem,male
JERRY SEIB,Jerry Seib,white,journalist,na,male
JESSICA LEEDS,Jessica Leeds,white,sme,na,female
JIM BENNETT,Jim Bennett,white,activist,ind,male
JIM BROWN,Jim Brown,black,journalist,na,male
JIM CRAMER,Jim Cramer,white,pundit,na,male
JIM VANCE,Jim Vance,black,journalist,na,male
JIM VANDEHEI,Jim Vandehei,white,journalist,na,male
JIMMY CARTER,Jimmy Carter,white,elected,dem,male
JM BERGER,JM Berger,white,sme,na,male
JOE LOCKHART,Joe Lockhart,white,pundit,dem,male
JOE MANCHIN,Joe Manchin,white,elected,dem,male
JOE MCQUAID,Joe Mcquaid,white,pundit,rep,male
JOE SCARBOROUGH,Joe Scarborough,white,pundit,rep,male
JOE TOOHEY,Joe Toohey,white,journalist,na,male
JOEL BENENSON,Joel Benenson,white,pundit,dem,male
JOHN BOEHNER,John Boehner,white,elected,rep,male
JOHN BRENNAN,John Brennan,white,administration,na,male
JOHN CARLIN,John Carlin,white,sme,na,male
JOHN CORNYN,John Cornyn,white,elected,rep,male
JOHN HARWOOD,John Harwood,white,journalist,na,male
JOHN KASICH,John Kasich,white,elected,rep,male
JOHN KELLY,John Kelly,white,administration,rep,male
JOHN KERRY,John Kerry,white,cabinet secretary,dem,male
JOHN LEWIS,John Lewis,black,elected,dem,male
JOHN LOVETT,John Lovett,white,pundit,dem,male
JOHN MCCAIN,John Mccain,white,elected,rep,male
JOHN McCAIN,John Mccain,white,elected,rep,male
JOHN MCLAUGHLIN,John Mclaughlin,white,journalist,na,male
JOHN NICHOLS,John Nichols,white,pundit,dem,male
JOHN PODESTA,John Podesta,white,pundit,dem,male
JOHN STANTON,John Stanton,white,journalist,na,male
JOHN SUNUNU,John Sununu,white,elected,rep,male
JON ALTERMAN,Jon Alterman,white,pundit,dem,male
JON MEACHAM,Jon Meacham,white,historian,na,male
JON OSSOFF,Jon Ossoff,white,activist,dem,male
JON RALSTON,Jon Ralston,white,journalist,na,male
JONATHAN MARTIN,Jonathan Martin,white,journalist,na,male
JONATHAN RAUCH,Jonathan Rauch,white,activist,dem,male
JONI ERNST,Joni Ernst,white,elected,rep,male
JORDAN FRASIER,Jordan Frasier,white,journalist,na,male
JOSE ANTONIO VARGAS,Jose Antonio Vargas,hispanic,activist,na,male
JOSE DIAZ BALART,Jose Diaz Balart,hispanic,journalist,na,male
JOSH EARNEST,Josh Earnest,white,pundit,dem,male
JOY ANN REID,Joy Reid,black,pundit,dem,female
JOY REID,Joy Reid,black,pundit,dem,female
JUAN ZARATE,Juan Zarate,white,administration,rep,male
JULIAN ASSANGE,Julian Assange,white,activist,na,male
JULIAN BOND,Julian Bond,black,elected,dem,male
JULIUS KREIN,Julius Krein,white,pundit,rep,male
KAHTLEEN PARKER,Kathleen Parker,white,pundit,na,female
KAILANI KOENIG,Kailani Koenig,white,journalist,na,female
KAREEM ABDUL JABBAR,Kareem Abdul Jabbar,black,activist,dem,male
KAREN FINNEY,Karen Finney,white,pundit,dem,female
KASIE HUNT,Kasie Hunt,white,journalist,na,female
Kate O<U+0092>Beirne,Kate O'Beirne,white,pundit,rep,female
KATHLEEN PARKER,Kathleen Parker,white,pundit,na,female
KATHLEEN SEBELIUS,Kathleen Sebelius,white,cabinet secretary,dem,female
KATIE PACKER,Katie Packer,white,pundit,rep,female
KATRINA PIERSON,Katrina Pierson,white,pundit,rep,female
KATTY KAY,Katty Kay,white,journalist,na,female
KATY TUR,Katy Tur,white,journalist,na,female
Katy Tur,Katy Tur,white,journalist,na,female
KAYLA MOORE,Kayla Moore,white,pundit,rep,female
KEIR SIMMONS,Keir Simmons,white,journalist,na,male
KELLI WARD,Kelli Ward,white,pundit,rep,female
KELLY AYOTTE,Kelly Ayotte,white,elected,rep,female
KELLY O DONNELL,Kelly O'Donnell,white,journalist,na,female
KELLY O<U+0092>DONNELL,Kelly O'Donnell,white,journalist,na,female
KELLY TUR,Katy Tur,white,journalist,na,female
KELLYANNE CONWAY,Kellyanne Conway,white,pundit,rep,female
KENDAL UNRUH,Kendal Unruh,white,activist,rep,female
KEVIN MADDEN,Kevin Madden,white,activist,rep,male
KEVIN MCCARTHY,Kevin McCarthy,white,elected,rep,male
KEVIN TIBBLES,Kevin Tibbles,white,journalist,na,male
KEVIN TIBBLES V O,Kevin Tibbles,white,journalist,na,male
KHIZR KHAN,Khizr Khan,middle eastern,activist,dem,male
KHIZR Khan,Khizr Khan,middle eastern,activist,dem,male
KIM STRASSEL,Kimberley Strassel,white,pundit,rep,female
KIMBERLEY STRASSEL,Kimberley Strassel,white,pundit,rep,female
KIMBERLY STRASSEL,Kimberly Strassel,white,pundit,rep,female
KISHANNA BROWN,Kishanna Brown,black,activist,na,female
KRISTEN WELKER,Kristen Welker,asian,journalist,na,female
KRISTIN ANDERSON,Kristin Anderson,white,pundit,rep,female
LANHEE CHEN,Lanhee Chen,asian,pundit,rep,female
LANNY DAVIS,Lanny Davis,white,pundit,dem,male
LARRY KUDLOW,Larry Kudlow,white,pundit,rep,male
LARRY KUDROW,Larry Kudrow,white,pundit,rep,male
LAURA INGRAHAM,Laura Ingraham,white,pundit,rep,female
LAWRENCE O<U+0092>DONNELL,Lawrence O'Donnell,white,pundit,dem,male
LEON PANETTA,Leon Panetta,white,cabinet secretary,dem,male
LESTER HOLT,Lester Holt,black,journalist,na,male
LINDA SANCHEZ,Linda Sanchez,hispanic,elected,dem,female
LINDSAY GRAHAM,Lindsay Graham,white,elected,rep,male
LINDSEY GRAHAM,Lindsey Graham,white,elected,rep,male
LISA MONACO,Lisa Monaco,white,administration,dem,female
LISA MYERS,Lisa Myers,white,journalist,na,female
LORETTA LYNCH,Loretta Lynch,black,cabinet secretary,dem,female
LT GEN H R McMASTER,HR McMaster,white,administration,rep,male
LT GENERAL DAN BOLGER,Dan Bolger,white,military,na,male
LT GOV DAN PATRICK,Dan Patrick,white,elected,rep,male
LUKE RUSSERT,Luke Russert,white,journalist,na,male
MAGGIE HABERMAN,Maggie Haberman,white,journalist,na,female
MAJ GEN BRETT WILLIAMS,Brett Williams,white,military,na,male
MAJOR GARRETT,Major Garrett,white,journalist,na,male
MALCOLM GLADWELL,Malcolm Gladwell,white,pundit,na,male
MANU RAJU,Manu Raju,asian,journalist,na,male
MARC ALLAN FELDMAN,Marc Allan Feldman,white,activist,lib,male
MARC CAPUTO,Marc Caputo,white,journalist,na,male
MARC SHORT,Marc Short,white,administration,rep,male
MARCO CAPUTO,Marc Caputo,white,journalist,na,male
MARCO RUBIO,Marco Rubio,white,elected,rep,male
MARIA HINOJOSA,Maria Hinojosa,hispanic,journalist,na,male
MARIA SHRIVER,Maria Shriver,white,activist,dem,female
MARIA TERESA KUMAR,Maria Teresa Kumar,hispanic,journalist,na,male
MARIO CUOMO,Mario Cuomo,white,elected,dem,male
MARK CUBAN,Mark Cuban,white,activist,na,male
MARK HALPERIN,Mark Halperin,white,journalist,na,male
MARK LEIBOVICH,Mark Leibovich,white,journalist,na,male
MARK LEVIN,Mark Levin,white,pundit,rep,male
MARK MECKLER,Mark Meckler,white,pundit,rep,male
MARK MURRAY,Mark Murray,white,journalist,na,male
MARTIN KALB,Martin Kalb,white,journalist,na,male
MARTIN O MALLEY,Martin O'Malley,white,elected,dem,male
MARTIN O<U+0092>MALLEY,Martin O'Malley,white,elected,dem,male
MARVIN KALB,Marvin Kalb,white,journalist,na,male
MARY BONAUTO,Mary Bonauto,white,pundit,dem,female
MARY MATALIN,Mary Matalin,white,pundit,rep,female
MATT BAI,Matt Bai,white,journalist,na,male
MATT LAUER,Matt Lauer,white,journalist,na,male
MATTHEW CONTINETTI,Matthew Continetti,white,pundit,rep,male
MAUREEN DOWD,Maureen Dowd,white,pundit,rep,female
MAYOR CARMEN YULIN CRUZ,Carmen Cruz,hispanic,elected,dem,female
MAYOR ERIC GARCETTI,Eric Garcetti,hispanic,elected,dem,male
MAYOR MICHAEL SIGNER,Michael Signer,hispanic,elected,dem,male
MAYOR MURIEL BOWSER,Muriel Bowser,black,elected,dem,female
MAYOR SYLVESTER TURNER,Sylvester Turner,black,elected,dem,male
MEGAN MCGRATH,Megan Mcgrath,white,journalist,na,female
MEGYN KELLY,Megyn Kelly,white,journalist,na,female
MELISSA HARRIS PERRY,Melissa Harris,black,journalist,na,female
MEREDITH VIEIRA,Meredith Vieira,white,journalist,na,female
MICAH ZENKO,Micah Zenko,white,sme,na,male
MICHAEL CHE,Michael Che,black,entertainer,dem,male
MICHAEL DELEON,Michael Deleon,black,activist,na,male
MICHAEL ERIC DYSON,Michael Eric Dyson,black,pundit,dem,male
MICHAEL GERSON,Michael Gerson,white,pundit,rep,male
MICHAEL LEITER,Michael Leiter,white,administration,na,male
MICHAEL MCCAUL,Michael Mccaul,white,elected,rep,male
MICHAEL MCFAUL,Michael Mcfaul,white,ambassador,dem,male
MICHAEL MOORE,Michael Moore,white,pundit,dem,male
MICHAEL STEELE,Michael Steele,black,pundit,rep,male
MICHAEL WOLFF,Michael Wolff,white,pundit,na,male
MICHELLE BACHMANN,Michelle Bachmann,white,elected,rep,female
MICK MULVANEY,Mick Mulvaney,white,administration,rep,male
MICKEY KAUS,Mickey Kaus,white,pundit,dem,male
MIGUEL ALMAGUER,Miguel Almaguer,hispanic,journalist,na,male
MIKE COFFMAN,Mike Coffman,white,elected,rep,male
MIKE HUCKABEE,Mike Huckabee,white,elected,rep,male
MIKE LEE,Mike Lee,white,elected,rep,male
MIKE MCFAUL,Mike Mcfaul,white,ambassador,dem,male
MIKE MURPHY,Mike Murphy,white,pundit,rep,male
MIKE POMPEO,Mike Pompeo,white,elected,rep,male
MIKE ROWE,Mike Rowe,white,pundit,rep,male
MIKE TIRICO,Mike Tirico,black,journalist,na,male
MITCH MCCONNELL,Mitch Mcconnell,white,elected,rep,male
MITT ROMNEY,Mitt Romney,white,elected,rep,male
MITT ROMNEY ON TAPE,Mitt Romney,white,elected,rep,male
MO UDALL,Mo Udall,white,elected,dem,male
MOHAMMED AL KIBSI,Mohammed Al,middle eastern,journalist,na,male
MOLLY BALL,Molly Ball,white,pundit,dem,female
MONICA ALBA,Monica Alba,white,journalist,na,female
MUJTABA RAHMAN,Mujtaba Rahman,middle eastern,sme,na,male
NATALIE MORALES,Natalie Morales,white,journalist,na,female
NATHAN GONZALES,Nathan Gonzales,hispanic,journalist,na,male
NEERA TANDEN,Neera Tanden,asian,pundit,dem,female
NEIL NEWHOUSE,Neil Newhouse,white,pundit,rep,male
NIA MALIKA HENDERSON,Nia Malika Henderson,black,journalist,na,female
NICHOLLE WALLACE,Nicole Wallace,white,pundit,rep,female
Nicolle Wallace,Nicole Wallace,white,pundit,rep,female
NICOLLE WALLACE,Nicole Wallace,white,pundit,rep,female
NIGEL FARAGE,Nigel Farage,white,foreign leader,na,male
NIKKI HALEY,Nikki Haley,asian,cabinet secretary,rep,female
NINA TURNER,Nina Turner,black,pundit,dem,female
NUALA O CONNOR,Nuala O'Connor,white,sme,na,female
OMB DIR MICK MULVANEY,Mick Mulvaney,white,administration,rep,male
ORRIN HATCH,Orrin Hatch,white,elected,rep,male
PASTOR JOANN HUMMEL,Joann Hummel,white,sme,na,male
PASTOR MARK BURNS,Mark Burns,white,sme,na,male
PAT BUCHANAN,Pat Buchanan,white,pundit,rep,male
PAT TOOMEY,Pat Toomey,white,elected,rep,male
PATRICK KENNEDY,Patrick Kennedy,white,elected,dem,male
PAUL LEPAGE,Paul Lepage,white,elected,rep,male
PAUL MANAFORT,Paul Manafort,white,elected,rep,male
PAUL RYAN,Paul Ryan,white,elected,rep,male
PAUL RYAN ON TAPE,Paul Ryan,white,elected,rep,male
PAUL WOLFOWITZ,Paul Wolfowitz,white,elected,rep,male
PEGGY NOONAN,Peggy Noonan,white,pundit,rep,female
PERRY BACON,Perry Bacon,black,journalist,na,male
PERRY BACON JR,Perry Bacon,black,journalist,na,male
PERRY HOOPER JR,Perry Hooper,white,elected,rep,male
PETE WILLIAMS,Pete Williams,white,journalist,na,male
PETER ALEXANDER,Peter Alexander,white,journalist,na,male
PETER HART,Peter Hart,white,pundit,dem,male
PHIL MURPHY,Phil Murphy,white,elected,dem,male
PRES DONALD TRUMP,Donald Trump,white,elected,rep,male
PRES GEORGE H W BUSH,Pres George,white,elected,rep,male
PRES TRUMP,Donald Trump,white,elected,rep,male
PRESIDENT CLINTON,Bill Clinton,white,elected,dem,male
PRESIDENT DONALD TRUMP,Donald Trump,white,elected,rep,male
PRESIDENT GEORGE H W BUSH,George HW Bush,white,elected,rep,male
PRESIDENT GEORGE W BUSH,George W Bush,white,elected,rep,male
PRESIDENT JIMMY CARTER,Jimmy Carter,white,elected,dem,male
PRESIDENT TRUMP,Donald Trump,white,elected,rep,male
RABBI DAVID SAPERSTEIN,David Saperstein,white,activist,na,male
RACHEL MADDOW,Rachel Maddow,white,pundit,na,female
Radio host Mark Levin,Mark Levin,white,pundit,rep,male
RAJ SHAH,Raj Shah,asian,pundit,rep,male
RAMESH PONNURU,Ramesh Ponnuru,asian,pundit,rep,male
RAND PAUL,Rand Paul,white,elected,rep,male
REINCE PRIEBUS,Reince Priebus,white,administration,rep,male
REINEC PRIEBUS,Reinec Priebus,white,administration,rep,male
REP ADAM SCHIFF,Adam Schiff,white,elected,dem,male
REP BARBARA COMSTOCK,Barbara Comstock,white,elected,rep,female
REP BARBARA LEE,Barbara Lee,black,elected,dem,female
REP BARNEY FRANK,Barney Frank,white,elected,dem,male
REP BOB GOODLATTE,Bob Goodlatte,white,elected,rep,male
REP CEDRIC RICHMOND,Cedric Richmond,black,elected,dem,male
REP CHARLIE DENT,Charlie Dent,white,elected,rep,male
REP CHARLIE RANGEL,Charles Rangel,black,elected,dem,male
REP CHRIS VAN HOLLEN,Chris Van Hollen,white,elected,dem,male
REP DARRELL ISSA,Darrell Issa,white,elected,rep,male
REP DAVE BARAT,Dave Brat,white,elected,rep,male
REP DAVE BRAT,Dave Brat,white,elected,rep,male
REP DEBBIE DINGELL,Debbie Dingell,white,elected,dem,female
REP DEVIN NUNES,Devin Nunes,white,elected,rep,male
REP DIANE BLACK,Diane Black,white,elected,rep,female
REP DONNA EDWARDS,Donna Edwards,black,elected,dem,female
REP GREG WALDEN,Greg Walden,white,elected,rep,male
REP JACKIE SPEIER,Jackie Speier,white,elected,dem,female
REP JAMES CLYBURN,James Clyburn,black,elected,dem,male
REP JAN SCHAKOWSKY,Jan Schakowsky,white,elected,dem,female
REP JASON CHAFFETZ,Jason Chaffetz,white,elected,rep,male
REP JIM HIMES,Jim Himes,white,elected,dem,male
REP JIM JORDAN,Jim Jordan,white,elected,rep,male
REP JIM RENACCI,Jim Renacci,white,elected,rep,male
REP JOE CROWLEY,Joe Crowley,white,elected,dem,male
REP JOHN BOEHNER,John Boehner,white,elected,rep,male
REP JOHN LEWIS,John Lewis,black,elected,dem,male
REP JUSTIN AMASH,Justin Amash,white,elected,rep,male
REP KATHLEEN RICE,Kathleen Rice,white,elected,dem,female
REP KEITH ELLISON,Keith Ellison,black,elected,dem,male
REP KEVIN BRADY,Kenvin Brady,white,elected,rep,male
REP KEVIN MCCARTHY,Kevin McCarthy,white,elected,rep,male
REP MARK MEADOWS,Mark Meadows,white,elected,rep,male
REP MARSHA BLACKBURN,Marsha Blackburn,white,elected,rep,female
REP MARTHA MCSALLY,Martha McSally,white,elected,rep,female
REP MATT GAETZ,Matt Gaetz,white,elected,rep,male
REP MAXINE WATERS,Maxine Waters,black,elected,dem,female
REP MICK MULVANEY,Mick Mulvaney,white,elected,rep,male
REP MIKE COFFMAN,Mike Coffman,white,elected,rep,male
REP MIKE POMPEO,Mike Pompeo,white,elected,rep,male
REP MO BROOKS,Mo Brooks,white,elected,rep,male
REP PAUL RYAN,Paul Ryan,white,elected,rep,male
REP PETER KING,Peter King,white,elected,rep,male
REP PETER ROSKAM,Peter Roskam,white,elected,rep,male
REP RA<da>L LABRADOR,Raul Labrador,white,elected,rep,male
REP RICHARD HANNA,Richard Hanna,white,elected,rep,male
REP ROD BLUM,Rod Blum,white,elected,rep,male
REP RODNEY DAVIS,Rodney Davis,white,elected,rep,male
REP SCOTT TAYLOR,Scott Taylor,white,elected,rep,male
REP STEVE SCALISE,Steve Scalise,white,elected,rep,male
REP THOMAS MASSIE,Thomas Massie,white,elected,rep,male
REP TIM HUELSKAMP,Tim Huelskamp,white,elected,rep,male
REP TIM RYAN,Tim Ryan,white,elected,dem,male
REP TOM COLE,Tom Cole,white,elected,rep,male
REP TOM REED,Tom Reed,white,elected,rep,male
REP TREY GOWDY,Trey Gowdy,white,elected,rep,male
REP TULSI GABBARD,Tulsi Gabbard,asian,elected,dem,female
REP VIRGINIA FOXX,Virginia Foxx,white,elected,rep,female
REV AL SHARPTON,Al Sharpton,black,pundit,dem,male
REX TILLERSON,Rex Tillerson,white,cabinet secretary,rep,male
REZA ASLAN,Reza Aslan,middle eastern,entertainer,dem,male
RICH LOWRY,Rich Lowry,white,pundit,rep,male
RICHARD BLUMENTHAL,Richard Blumenthal,white,elected,dem,male
RICHARD COHEN,Richard Cohen,white,activist,dem,male
RICHARD DORMENT,Richard Dorment,white,journalist,na,male
RICHARD ENGEL,Richard Engel,white,journalist,na,male
RICHARD LOWRY,Richard Lowry,white,pundit,rep,male
RICHARD REINCE PRIEBUS,Reince Priebus,white,administration,rep,male
RICK LAZIO,Rick Lazio,white,elected,rep,male
RICK PERRY,Rick Perry,white,elected,rep,male
RICK SANTELLI,Rick Santelli,white,pundit,rep,male
RICK SANTORUM,Rick Santorum,white,elected,rep,male
RICK STENGEL,Rick Stengel,white,journalist,na,male
RIYAD MANSOUR,Riyad Mansour,middle eastern,foreign leader,na,male
ROBBY MOOK,Robby Mook,white,pundit,dem,male
ROBERT COSTA,Robert Costa,white,journalist,na,male
ROBERT DRAPER,Robert Draper,white,journalist,na,male
ROBERT GATES,Robert Gates,white,cabinet secretary,na,male
ROBERT GIBBS,Robert Gibbs,white,cabinet secretary,na,male
ROBERT MCDONALD,Robert Mcdonald,white,cabinet secretary,dem,male
Roger Ailes,Roger Ailes,white,pundit,rep,male
ROGER STONE,Roger Stone,white,pundit,rep,male
RON ALLEN,Ron Allen,black,journalist,na,male
RON FOURNIER,Ron Fournier,white,journalist,na,male
RON MOTT,Ron Mott,black,journalist,na,male
RON OLSON,Ron Olson,white,activist,na,male
RONNA MCDANIEL,Ronna McDaniel,white,pundit,rep,female
RONNA McDANIEL,Ronna McDaniel,white,pundit,rep,female
ROY BLUNT,Roy Blunt,white,elected,rep,male
ROY MOORE,Roy Moore,white,elected,rep,male
RUDY GIULIANI,Rudy Giuliani,white,elected,rep,male
RUDY GIULIANI ON TAPE,Rudy Giuliani,white,elected,rep,male
RUTH MARCUS,Ruth Marcus,white,journalist,na,female
SAM STEIN,Sam Stein,white,journalist,na,male
SARA FAGEN,Sara Fagen,white,pundit,rep,female
Sara Fagen,Sara Fagen,white,pundit,rep,female
SARAH BRADY,Sarah Brady,white,activist,dem,female
SARAH CHAYES,Sarah Chayes,white,sme,na,female
SARAH PALIN,Sarah Palin,white,pundit,rep,female
SAVANNAH GUTHRIE,Savannah Guthrie,white,journalist,na,female
SCOTT PELLEY,Scott Pelley,white,journalist,na,male
SCOTT SPRADLING,Scott Spradling,white,journalist,na,male
SCOTT WALKER,Scott Walker,white,elected,rep,male
SEAN HANNITY,Sean Hannity,white,pundit,rep,male
SEAN SPICER,Sean Spicer,white,pundit,rep,male
SEBASTIAN GORKA,Sebastian Gorka,white,pundit,rep,male
SEC HILLARY CLINTON,Hillary Clinton,white,cabinet secretary,dem,female
SEC JEH JOHNSON,Jeh Johnson,black,cabinet secretary,dem,male
SEC JOHN KELLY,John Kelly,white,cabinet secretary,rep,male
SEC JOHN KERRY,John Kerry,white,cabinet secretary,dem,male
SEC MADELEINE ALBRIGHT,Madeleine Albright,white,cabinet secretary,dem,female
SEC REX TILLERSON,Rex Tillerson,white,cabinet secretary,rep,male
SEC TOM PRICE,Tom Price,white,cabinet secretary,rep,male
SECRETARY HILLARY CLINTON,Hillary Clinton,white,cabinet secretary,dem,female
SECRETARY JEH JOHNSON,Jeh Johnson,black,cabinet secretary,dem,male
SECRETARY JOHN KERRY,John Kerry,white,cabinet secretary,dem,male
SECRETARY REX TILLERSON,Rex Tillerson,white,cabinet secretary,rep,male
SECRETARY TOM PRICE,Tom Price,white,cabinet secretary,rep,male
SECY REX TILLERSON,Rex Tillerson,white,cabinet secretary,rep,male
SECY STEVE MNUCHIN,Steve Mnuchin,white,cabinet secretary,rep,male
SEN AL FRANKEN,Al Franken,white,elected,dem,male
SEN AMY KLOBUCHAR D MN,Amy Klobouchar,white,elected,dem,female
SEN ANGUS KING,Angus King,white,elected,ind,male
SEN BOB CORKER,Bob Corker,white,elected,rep,male
SEN BOB GRAHAM,Bob Graham,white,elected,dem,male
SEN CHRIS MURPHY,Chris Murphy,white,elected,dem,male
SEN CHRIS VAN HOLLEN,Chris Van Hollen,white,elected,dem,male
SEN CHUCK GRASSLEY,Chuck Grassley,white,elected,rep,male
SEN CHUCK SCHUMER,Chuck Schumer,white,elected,dem,male
Sen Chuck Schumer,Chuck Schumer,white,elected,dem,male
SEN CHUCK TODD,Chuck Schumer,white,elected,dem,male
SEN CLAIRE MCCASKILL,Claire McCaskill,white,elected,dem,female
SEN CLAIRE McCASKILL,Claire McCaskill,white,elected,dem,female
SEN CORY BOOKER,Cory Booker,black,elected,dem,male
SEN CORY GARDNER,Cory Gardner,white,elected,rep,male
SEN DEAN HELLER,Dean Heller,white,elected,rep,male
SEN DIANNE FEINSTEIN,Dianne Feinstein,white,elected,dem,female
SEN DICK DURBIN,Dick Durbin,white,elected,dem,male
SEN ED MARKEY,Ed Markey,white,elected,dem,male
SEN ELIZABETH WARREN,Elizabeth Warren,white,elected,dem,female
SEN GRAHAM,Lindsay Graham,white,elected,rep,male
SEN HARRY REID,Harry Reid,white,elected,dem,male
SEN HEIDI HEITKAMP,Heidi Heitkamp,white,elected,dem,female
SEN JACK REED,Jack Reed,white,elected,dem,male
SEN JAMES INHOFE ON TAPE,James Inhofe,white,elected,rep,male
SEN JAMES LANKFORD,James Lankford,white,elected,rep,male
SEN JEFF FLAKE,Jeff Flake,white,elected,rep,male
SEN JEFF SESSIONS,Jeff Sessions,white,elected,rep,male
SEN JIM INHOFE,James Inhofe,white,elected,rep,male
SEN JOE LIEBERMAN,Joe Lieberman,white,elected,dem,male
SEN JOE MANCHIN,Joe Manchin,white,elected,dem,male
SEN JOHN CORNYN,John Cornyn,white,elected,rep,male
SEN JOHN McCAIN,John McCain,white,elected,rep,male
SEN JOHN MCCAIN,John McCain,white,elected,rep,male
SEN JOHN McCain,John McCain,white,elected,rep,male
SEN JOHN THUNE,John Thune,white,elected,rep,male
SEN JOHNNY ISAKSON,Johnny Isakson,white,elected,rep,male
SEN JON TESTER,Jon Tester,white,elected,dem,male
SEN JONI ERNST,Joni Ernst,white,elected,rep,female
SEN KAMALA HARRIS,Kamala Harris,black,elected,dem,female
SEN KELLY AYOTTE,Kelly Ayotte,white,elected,rep,female
SEN KIRSTEN GILLIBRAND,Kirsten Gillibrand,white,elected,dem,female
SEN LAMAR ALEXANDER,Lamar Alexander,white,elected,rep,male
SEN LINDSEY GRAHAM,Lindsay Graham,white,elected,rep,male
SEN LISA MURKOWSKI,Lisa Murkowski,white,elected,rep,female
SEN MARCO RUBIO,Marco Rubio,hispanic,elected,rep,male
SEN MARK WARNER,Mark Warner,white,elected,dem,male
SEN MICHAEL BENNET,Michael Bennet,white,elected,dem,male
SEN MIKE LEE,Mike Lee,white,elected,rep,male
SEN MITCH MCCONNELL,Mitch Mcconnell,white,elected,rep,male
SEN MITCH McCONNELL,Mitch Mcconnell,white,elected,rep,male
Sen Mitch McConnell,Mitch Mcconnell,white,elected,rep,male
SEN MITCH McCONNELL R KY,Mitch Mcconnell,white,elected,rep,male
SEN PAT TOOMEY,Pat Toomey,white,elected,rep,male
SEN RAND PAUL,Rand Paul,white,elected,rep,male
SEN RAND PAUL R KY,Rand Paul,white,elected,rep,male
SEN RICHARD BURR,Richard Burr,white,elected,rep,male
SEN RICHARD SHELBY,Richard Shelby,white,elected,rep,male
SEN ROB PORTMAN,Rob Portman,white,elected,rep,male
SEN ROGER WICKER,Roger Wicker,white,elected,rep,male
SEN RON JOHNSON,Ron Johnson,white,elected,rep,male
SEN ROY BLUNT,Roy Blunt,white,elected,rep,male
SEN SHELLEY MOORE CAPITO,Shelley Moore Capito,white,elected,rep,female
SEN SHERROD BROWN,Sherrod Brown,white,elected,dem,male
SEN SHERROD BROWN D OH,Sherrod Brown,white,elected,dem,male
SEN SUSAN COLLINS,Susan Collins,white,elected,rep,female
SEN TED CRUZ,Ted Cruz,hispanic,elected,rep,male
SEN TIM KAINE,Tim Kaine,white,elected,dem,male
SEN TIM SCOTT,Tim Scott,black,elected,rep,male
SEN TOM COTTON,Tom Cotton,white,elected,rep,male
SEN VAN HOLLEN,Chris Van Hollen,white,elected,dem,male
SENATOR AMY KLOBUCHAR,Amy Klobouchar,white,elected,dem,female
SENATOR ANGUS KING,Angus King,white,elected,ind,male
SENATOR BOB CORKER,Bob Corker,white,elected,rep,male
SENATOR BOOKER,Cory Booker,black,elected,dem,male
SENATOR CHUCK SCHUMER,Chuck Schumer,white,elected,dem,male
SENATOR CLAIRE MCCASKILL,Claire McCaskill,white,elected,dem,female
SENATOR CORY BOOKER,Cory Booker,black,elected,dem,male
SENATOR DIANNE FEINSTEIN,Dianne Feinstein,white,elected,dem,female
SENATOR ELIZABETH WARREN,Elizabeth Warren,white,elected,dem,female
Senator Feinstein,Dianne Feinstein,white,elected,dem,female
SENATOR JACK REED,Jack Reed,white,elected,dem,male
SENATOR JEFF FLAKE,Jeff Flake,white,elected,rep,male
SENATOR JOHN BARRASSO,John Barrasso,white,elected,rep,male
SENATOR JOHN MCCAIN,John McCain,white,elected,rep,male
SENATOR LINDSEY GRAHAM,Lindsay Graham,white,elected,rep,male
SENATOR MARCO RUBIO,Marco Rubio,hispanic,elected,rep,male
SENATOR MICHAEL BENNET,Michael Bennet,white,elected,dem,male
SENATOR MITCH MCCONNELL,Mitch Mcconnell,white,elected,rep,male
SENATOR PAT TOOMEY,Pat Toomey,white,elected,rep,male
SENATOR RAND PAUL,Rand Paul,white,elected,rep,male
SENATOR ROY BLUNT,Roy Blunt,white,elected,rep,male
SENATOR SUSAN COLLINS,Susan Collins,white,elected,rep,female
SENATOR TED CRUZ,Ted Cruz,hispanic,elected,rep,male
SENATOR TIM KAINE,Tim Kaine,white,elected,dem,male
SENATOR TOM COTTON,Tom Cotton,white,elected,rep,male
SERGEI LAVROV,Sergei Lavrov,white,foreign leader,na,male
SHADI HAMID,Shadi Hamid,middle eastern,sme,na,male
SHAQUILLE BREWSTER,Shaquille Brewster,black,journalist,na,male
SHELDON ADELSON,Sheldon Adelson,white,activist,rep,male
SHERRILYN IFILL,Sherrilyn Ifill,black,journalist,dem,female
SHERROD BROWN,Sherrod Brown,white,elected,dem,male
SPEAKER JOHN BOEHNER,John Boehner,white,elected,rep,male
SPEAKER PAUL RYAN,Paul Ryan,white,elected,rep,male
STEPHANIE CUTTER,Stephanie Cutter,white,pundit,dem,female
STEPHANIE RAWLINGS BLAKE,Stephanie Rawlings,black,elected,dem,female
STEPHEN HADLEY,Stephen Hadley,white,foreign leader,na,male
STEPHEN HAYES,Stephen Hayes,white,historian,na,male
STEPHEN HENDERSON,Stephen Henderson,black,journalist,na,male
STEPHEN MILLER,Stephen Miller,white,administration,rep,male
STEVE BANNON,Steve Bannon,white,administration,rep,male
STEVE DEACE,Steve Deace,white,administration,rep,male
STEVE KORNACKI,Steve Kornacki,white,journalist,na,male
STEVE SCHMIDT,Steve Schmidt,white,pundit,rep,male
STEVEN LAW,Steven Law,white,pundit,rep,male
STONE PHILLIPS,Stone Phillips,white,journalist,na,male
STUART STEVENS,Stuart Stevens,white,pundit,rep,male
SUSAN PAGE,Susan Page,white,journalist,na,female
SUSAN RICE,Susan Rice,black,cabinet secretary,dem,female
SUSAN RICE ON TAPE,Susan Rice,black,cabinet secretary,dem,female
TA NEHISI COATES,Ta Nehisi Coates,black,pundit,na,male
TAVIS SMILEY,Tavis Smiley,black,pundit,dem,male
TED CRUZ,Ted Cruz,hispanic,elected,rep,male
TED CRUZ TAPE,Ted Cruz,hispanic,elected,rep,male
TED KOPPEL,Ted Koppel,white,journalist,na,male
TED NUGENT,Ted Nugent,white,activist,rep,male
TED OLSON,Ted Olson,white,activist,dem,male
TERRY MCAULIFFE,Terry Mcauliffe,white,elected,dem,male
THERESA MAY,Theresa May,white,foreign leader,na,female
THOM TILLIS,Thom Tillis,white,elected,rep,male
THOMAS FRIEDMAN,Thomas Friedman,white,pundit,rep,male
TIM KAINE,Tim Kaine,white,elected,dem,male
TIM RUSSERT,Tim Russert,white,journalist,na,male
TINA JOHNSON,Tina Johnson,white,sme,dem,female
TOM BARRACK,Tom Barrack,white,pundit,rep,male
TOM BRADY,Tom Brady,white,sme,na,male
TOM BROKAW,Tom Brokaw,white,journalist,na,male
Tom Brokaw,Tom Brokaw,white,journalist,na,male
TOM COSTELLO,Tom Costello,white,journalist,na,male
TOM DAVIS,Tom Davis,white,elected,rep,male
TOM DONILON,Tom Donilon,white,administration,na,male
TOM FRIEDMAN,Tom Friedman,white,pundit,rep,male
TOM HANKS,Tom Hanks,white,entertainer,dem,male
TOM HARKIN,Tom Harkin,hispanic,elected,dem,male
TOM PEREZ,Tom Perez,hispanic,administration,dem,male
Tom Perez,Tom Perez,hispanic,administration,dem,male
TOM PERRIELLO,Tom Perriello,white,elected,dem,male
TOM VILSACK,Tom Vilsack,white,administration,dem,male
TONY MESSENGER,Tony Messenger,white,journalist,na,male
TONY SCHWARTZ,Tony Schwartz,white,sme,dem,male
TRENT LOTT,Trent Lott,white,elected,rep,male
TREY GOWDY,Trey Gowdy,white,elected,rep,male
TRYMAINE LEE,Trymaine Lee,black,journalist,na,male
TUCKER CARLSON,Tucker Carlson,white,pundit,rep,male
TY COBBS,Ty Cobbs,white,administration,rep,male
VAUGHN HILLYARD,Vaughn Hillyard,white,journalist,na,male
VICKI KENNEDY,Vicki Kennedy,white,activist,dem,female
VINCE WILFORK,Vince Wilfork,black,activist,na,male
VLADIMIR PUTIN,Vladimir Putin,white,foreign leader,na,male
WENDY SHERMAN,Wendy Sherman,white,ambassador,dem,female
WES MOORE,Wes Moore,black,activist,dem,male
WIFE OF KEITH LAMONT SCOTT,Wife Of Keith Lamont Scott,black,sme,na,female
WILL FERRELL,Will Ferrell,white,entertainer,dem,male
WILLIAM JOHNSON,William Johnson,white,activist,rep,male
WILLIAM M DALEY,Bill Daily,white,administration,dem,male
WILLIAM MCCANTS,William Mccants,middle eastern,pundit,na,male
WOLF BLITZER,Wolf Blitzer,white,journalist,na,male
YAMICHE ALCINDOR,Yamiche Alcindor,black,pundit,dem,female
YAMICHE GERSON,Yamiche Alcindor,black,pundit,dem,female
ZBIGNIEW BRZEZINSKI,Zbigniew Brzezinski,white,administration,dem,male
Zbigniew Brzezinski,Zbigniew Brzezinski,white,administration,dem,male
<U+200B><U+200B>CHUCK TODD,Chuck Todd,white,journalist,na,male
<U+200B><U+200B>SENATOR CHUCK SCHUMER,Chuck Schumer,white,elected,dem,male
<U+200B><U+200B>SENATOR MITCH MCCONNELL,Mitch Mcconnell,white,elected,rep,male
ADM MIKE MULLEN,Mike Mullen,white,military,na,male
ADMIRAL MIKE MULLEN,Mike Mullen,white,military,na,male
AL CARDENAS,Al Cardenas,hispanic,pundit,rep,male
AL GORE,Al Gore,white,elected,dem,male
AL GORE ON TAPE,Al Gore,white,elected,dem,male
AL SHARPTON,Al Sharpton,black,pundit,dem,male
ALEC BALDWIN,Alec Baldwin,white,entertainer,dem,male
ALEC BALDWIN AS DONALD TRUMP,Alec Baldwin,white,entertainer,dem,male
ALEX CASTELLANOS,Alex Castellanos,hispanic,pundit,rep,male
ALLRED,Gloria Allread,white,activist,dem,female
AMAL CLOONEY,Amal Clooney,middle eastern,activist,dem,female
AMB NIKKI HALEY,Nikki Haley,asian,cabinet,rep,female
AMB RON DERMER,Ron Dermer,white,foreign leader,na,male
AMBASSADOR ANDREW YOUNG,Andrew Young,black,ambassador,dem,male
AMBASSADOR CHRISTOPHER HILL,Christopher Hill,white,ambassador,na,male
AMY POEHLER,Amy Poehler,white,entertainer,dem,female
ANDERSON COOPER,Anderson Cooper,white,journalist,na,male
Andrea ANDREA MITCHELL,Andrea Mitchell,white,journalist,na,female
ANDREA MITCHELL,Andrea Mitchell,white,journalist,na,female
Andrea Mitchell,Andrea Mitchell,white,journalist,na,female
ANDREA MITCHELL TAPE,Andrea Mitchell,white,journalist,na,female
ANDREW NAPOLITANO,Andrew Napolitano,white,pundit,rep,male
ANDREW ROSS SORKIN,Andrew Ross Sorkin,white,journalist,na,male
ANDY CARD,Andy Card,white,administration,rep,male
ANITA DUNN,Anita Dunn,white,administration,dem,female
ANITA HILL,Anita Hill,black,activist,dem,female
Ann Coulter,Ann Coulter,white,pundit,rep,female
ANN COULTER,Ann Coulter,white,pundit,rep,female
ANTHONY FAUCI,Anthony Fauci,white,administration,na,male
ANTHONY SCARAMUCCI,Anthony Scaramucci,white,administration,rep,male
ANTONIN SCALIA,Antonin Scalia,white,supreme court,rep,male
APRIL RYAN,April Ryan,black,journalist,na,female
ARI FLEISCHER,Ari Fleischer,white,administration,rep,male
ARNOLD SCHWARZENEGGER,Arnold Schwarzenegger,white,elected,rep,male
ATT GEN JEFF SESSIONS,Jeff Sessions,white,cabinet,rep,male
ATTORNEY GENERAL HOLDER,Eric Holder,black,cabinet,dem,male
ATTORNEY GENERAL JEFF SESSIONS,Jeff Sessions,white,cabinet,rep,male
ATTORNEY GENERAL LORETTA LYNCH,Loretta Lynch,black,cabinet,dem,female
AUSTAN GOOLSBEE,Austan Goolsbee,white,cabinet,dem,male
BARACK OBAMA,Barack Obama,black,elected,dem,male
BARACK OBAMA ON TAPE,Barack Obama,black,elected,dem,male
BEAU BIDEN,Beau Biden,white,elected,dem,male
BEAU WILLIMON,Beau Willimon,white,entertainer,na,male
BEN CARSON,Ben Carson,black,cabinet,rep,male
BEN CARSON R,Ben Carson,black,cabinet,rep,male
BEN RHODES,Ben Rhodes,white,administration,dem,male
BENJAMIN NETANYAHU,Benjamin Netanyahu,white,foreign leader,na,male
BERNIE SANDERS,Bernie Sanders,white,elected,ind,male
Bernie Sanders,Bernie Sanders,white,elected,ind,male
BILL BRATTON,Bill Bratton,white,sme,na,male
BILL CLINTON,Bill Clinton,white,elected,dem,male
BILL DE BLASIO,Bill De Blasio,white,elected,dem,male
BILL O REILLY,Bill O'Reilly,white,pundit,rep,male
BILL O<U+0092>REILLY ON TAPE,Bill O'Reilly,white,pundit,rep,male
BILL RICHARDSON,Bill Richardson,hispanic,elected,dem,male
BILLY BUSH,Billy Bush,white,other,na,male
BOB COSTAS,Bob Costas,white,journalist,na,male
BOB DOLE,Bob Dole,white,elected,rep,male
BOBBY JINDAL,Bobby Jindal,asian,elected,rep,male
BRAD PARSCALE,Brad Parscale,white,administration,rep,male
BRET BAIER,Bret Baier,white,journalist,na,male
BRIAN KILMEADE,Brian Kilmeade,white,pundit,rep,male
BRUCE SPRINGSTEEN,Bruce Springsteen,white,entertainer,dem,male
BRYANT GUMBEL,Bryant Gumbel,black,journalist,na,male
CAPT MARK KELLY,Mark Kelly,white,activist,dem,male
CARL QUINTANILLA,Carl Quintanilla,hispanic,journalist,na,male
CARLY FIORINA,Carly Fiorina,white,activist,rep,female
CARTER PAGE,Carter Page,white,administration,rep,male
CECILY STRONG,Cecily Strong,white,entertainer,dem,female
CECILY STRONG ON TAPE,Cecily Strong,white,entertainer,dem,female
CHARLES DENT,Charles Dent,white,elected,rep,male
CHARLES KRAUTHAMMER,Charles Krauthammer,white,pundit,rep,male
CHARLES OGLETREE,Charles Ogletree,black,pundit,dem,male
CHARLIE COOK,Charlie Cook,white,journalist,na,male
CHARLIE CRIST,Charlie Crist,white,elected,dem,male
CHARLIE DENT,Charlie Dent,white,elected,rep,male
CHARLIE ROSE,Charlie Rose,white,journalist,na,male
CHARLIE SYKES,Charlie Sykes,white,pundit,rep,male
Charlie Sykes,Charlie Sykes,white,pundit,rep,male
CHEVY CHASE,Chevy Chase,white,entertainer,na,male
CHIEF CATHY LANIER,Chief Cathy,white,sme,na,female
CHRIS CHRISTIE,Chris Christie,white,elected,rep,male
CHRIS CILLIZZA,Chris Cillizza,white,journalist,na,male
CHRIS HAYES,Chris Hayes,white,pundit,dem,male
CHRIS JANSING,Chris Jansing,white,journalist,na,female
CHRIS MATTHEWS,Chris Matthews,white,pundit,dem,male
CHRIS ROCK,Chris Rock,black,entertainer,dem,male
CHRIS WALLACE,Chris Wallace,white,journalist,na,male
CHUCK,Chuck Todd,white,journalist,na,male
CHUCK GRASSLEY,Chuck Grassley,white,elected,rep,male
CHUCK SCHUMER,Chuck Schumer,white,elected,dem,male
CHUCK TODD,Chuck Todd,white,journalist,na,male
Chuck Todd,Chuck Todd,white,journalist,na,male
CHUCK TODD ON TAPE,Chuck Todd,white,journalist,na,male
CHUCK TODD RECORDING,Chuck Todd,white,journalist,na,male
CHUCK TODD TAPE,Chuck Todd,white,journalist,na,male
CHUCK TODD V O,Chuck Todd,white,journalist,na,male
CLAIRE MCCASKILL,Claire Mccaskill,white,elected,dem,female
CONAN O BRIEN,Conan O'Brien,white,entertainer,dem,male
CONGRESSAMN MARK MEADOWS,Mark Meadows,white,elected,rep,male
CONGRESSMAN CASTRO,Juaquin Castro,hispanic,elected,dem,male
CONGRESSMAN GREGORY MEEKS,Gregory Meeks,black,elected,dem,male
CONGRESSMAN LABRADOR,Raul Labrador,hispanic,elected,rep,male
CONGRESSMAN MIKE COFFMAN,Mike Coffman,white,elected,rep,male
CONGRESSMAN TIM RYAN,Tim Ryan,white,elected,dem,male
COREY LEWANDOWSKI,Corey Lewandowski,white,pundit,rep,male
CORNELL BELCHER,Cornell Belcher,black,pundit,dem,male
CORNELL BROOKS,Cornell Brooks,black,pundit,dem,male
CORNELL WILLIAM BROOKS,Cornell Brooks,black,pundit,dem,male
CORY BOOKER,Cory Booker,black,elected,dem,male
CORY GARDNER,Cory Gardner,white,elected,rep,male
CURT SCHILLING,Curt Schilling,white,other,rep,male
DALLAS POLICE CHIEF DAVID BROWN,David Brown,black,sme,na,male
DAN AYKROYD,Dan Aykroyd,white,entertainer,dem,male
DAN BALZ,Dan Balz,white,journalist,na,male
DANIEL PATRICK MOYNIHAN,Daniel Patrick Moynihan,white,elected,dem,male
DANIELLE PLETKA,Danielle Pletka,white,pundit,rep,female
DAVID AXELROD,David Axelrod,white,pundit,dem,male
DAVID BOIES,David Boies,white,pundit,dem,male
DAVID BROOKS,David Brooks,white,pundit,ind,male
David Brooks,David Brooks,white,pundit,ind,male
DAVID CAMERON,David Cameron,white,foreign leader,na,male
DAVID DUKE RECORDING,David Duke,white,activist,rep,male
DAVID FRENCH,David French,white,pundit,rep,male
DAVID GREGORY,David Gregory,white,journalist,na,male
DAVID IGNATIUS,David Ignatius,white,pundit,dem,male
David Ignatius,David Ignatius,white,pundit,dem,male
DAVID LETTERMAN,David Letterman,white,entertainer,na,male
DAVID PLOUFFE,David Plouffe,white,pundit,dem,male
DEBBIE DINGELL,Debbie Dingell,white,elected,dem,female
DENIS MCDONOUGH,Denis Mcdonough,white,administration,dem,male
DIANNE FEINSTEIN,Dianne Feinstein,white,elected,dem,female
DICK CHENEY,Dick Cheney,white,elected,rep,male
DICK CHENEY ON TAPE,Dick Cheney,white,elected,rep,male
DIRECTOR JAMES COMEY,James Comey,white,administration,na,male
DONALD TRUMP,Donald Trump,white,elected,rep,male
DONALD TRUMP JR,Donald Trump Jr.,white,administration,rep,male
DONNA EDWARDS,Donna Edwards,black,elected,dem,female
DORIS KEARNS GOODWIN,Doris Kearns,white,historian,na,female
Doris Kearns Goodwin,Doris Kearns,white,historian,na,female
END TAPE CHUCK TODD,Chuck Todd,white,journalist,na,male
EPA ADMINISTRATOR SCOTT PRUITT,Scott Pruitt,white,cabinet,rep,male
EVAN MCMULLIN,Evan Mcmullin,white,activist,rep,male
EVAN THOMAS,Evan Thomas,white,historian,na,male
F B I DIRECTOR JAMES COMEY,James Comey,white,administration,na,male
FEMA ADMINISTRATOR BROCK LONG,Brock Long,white,administration,rep,male
FIDEL CASTRO,Fidel Castro,hispanic,foreign leader,na,male
FMR AMB ANDREW YOUNG,Andrew Young,black,ambassador,dem,male
FMR DIR JAMES CLAPPER,James Clapper,white,administration,na,male
FMR GOV JEB BUSH,Jeb Bush,white,elected,rep,male
FMR GOV JEB BUSH R FL,Jeb Bush,white,elected,rep,male
FMR GOV MARIO CUOMO,Mario Cuomo,white,elected,dem,male
FMR GOV MARTIN O MALLEY,Martin O'Malley,white,elected,dem,male
FMR GOV MIKE HUCKABEE,Mike Huckabee,white,elected,rep,male
FMR GOV PAT MCCRORY,Pat McCrory,white,elected,rep,male
FMR MAYOR MICHAEL BLOOMBERG,Michael Bloomberg,white,elected,ind,male
FMR SEC HILLARY CLINTON,Hillary Clinton,white,cabinet,dem,female
FMR SEC OF STATE JOHN KERRY,John Kerry,white,cabinet,dem,male
FMR SEN FRED THOMPSON,Fred Thompson,white,elected,rep,male
FMR SEN JACK DANFORTH ON TAPE,Jack Danforth,white,elected,rep,male
FMR SEN JIM DEMINT,Jim DeMint,white,elected,rep,male
FMR SEN JIM WEBB,Jim Webb,white,elected,dem,male
FMR SENATOR RICK SANTORUM,Rick Santorum,white,elected,rep,male
FMR VICE PRESIDENT JOE BIDEN,Joe Biden,white,elected,dem,male
FRANK LUNTZ,Frank Luntz,white,pundit,rep,male
FRED YANG,Fred Yang,asian,pundit,dem,male
GABE SHERMAN,Gabe Sherman,white,journalist,na,male
GARRY KASPAROV,Garry Kasparov,white,activist,na,male
GARY COHN,Gary Cohn,white,administration,rep,male
GARY JOHNSON,Gary Johnson,white,elected,ind,male
GEN RAY ODIERNO,Ray Odierno,hispanic,military,na,male
GENERAL MIKE FLYNN,Mike Flynn,white,administration,rep,male
GEORGE BUSH,George Bush,white,elected,rep,male
GEORGE CLOONEY,George Clooney,white,activist,dem,male
GEORGE H W BUSH,George H.W. Bush,white,elected,rep,male
GOV BILL HASLAM,Bill Haslam,white,elected,rep,male
GOV MIKE PENCE,Mike Pence,white,elected,rep,male
GOVERNOR MIKE PENCE,Mike Pence,white,elected,rep,male
JEB BUSH,Jeb Bush,white,elected,rep,male
Jeb Bush,Jeb Bush,white,elected,rep,male
JEB BUSH ON TAPE,Jeb Bush,white,elected,rep,male
JOE BIDEN,Joe Biden,white,elected,dem,male
KATE MCKINNON AS HILLARY CLINTON,Kate Mckinnon,white,impersonator,dem,female
KATE McKINNON AS HILLARY CLINTON,Kate Mckinnon,white,impersonator,dem,female
LARRY DAVID AS BERNIE SANDERS,Larry David,white,impersonator,dem,male
LT GEN MICHAEL FLYNN,Lt Gen,white,administration,rep,male
LT GENERAL MICHAEL FLYNN,Lt General,white,administration,rep,male
MAYOR STEPHANIE RAWLINGS BLAKE,Stephanie Rawlings Blake,black,mayor,dem,female
MICHAEL BLOOMBERG,Michael Bloomberg,white,elected,ind,male
MICHAEL CHE AS LESTER HOLT,Michael Che,black,entertainer,dem,male
MICHAEL FLYNN,Michael Flynn,white,administration,rep,male
MICHELLE OBAMA,Michelle Obama,black,other,dem,male
MIKE BLOOMBERG,Michael Bloomberg,white,elected,ind,male
MIKE FLYNN,Mike Flynn,white,administration,rep,male
MIKE PENCE,Mike Pence,white,elected,rep,male
NANCY PELOSI,Nancy Pelosi,white,elected,dem,female
PRES BARACK OBAMA,Pres Barack,black,elected,dem,male
PRES BILL CLINTON,Bill Clinton,white,elected,dem,male
PRES OBAMA,Pres Obama,black,elected,dem,male
PRESIDENT BARACK OBAMA,President Barack,black,elected,dem,male
PRESIDENT BILL CLINTON,Bill Clinton,white,elected,dem,male
PRESIDENT BUSH,President Bush,white,elected,rep,male
PRESIDENT OBAMA,President Obama,black,elected,dem,male
PRESIDENT OBAMA ON TAPE,President Obama,black,elected,dem,male
PRESIDENT OBAMA TAPE,President Obama,black,elected,dem,male
PRESS SECRETARY SEAN SPICER,Sean Spicer,white,administration,rep,male
REP DEBBIE WASSERMAN SCHULTZ,Debbie Wasserman Schultz,white,elected,dem,female
REP NANCY PELOSI,Rep Nancy,white,elected,dem,female
REPRESENTATIVE NANCY PELOSI,Nancy Pelosi,white,elected,dem,female
SARAH HUCKABEE SANDERS,Sarah Huckabee,white,administration,rep,female
SEN BARACK OBAMA,Sen Barack,black,elected,dem,male
SEN BERNIE SANDERS,Sen Bernie,white,elected,ind,male
SEN BILL CASSIDY,Bill Cassidy,white,elected,rep,male
SEN DANIEL PATRICK MOYNIHAN,Daniel Patrick Moynihan,white,elected,dem,male
SENATOR BERNIE SANDERS,Senator Bernie,white,elected,ind,male
SENATOR CORY BOOKER ON TAPE,Cory Booker,black,elected,dem,male
THEN GOVERNOR BILL CLINTON,Bill Clinton,white,elected,dem,male
TODD,Chuck Todd,white,journalist,na,male
Tom Perez,Tom Perez,hispanic,administration,dem,male
TOM PERRIELLO,Tom Perriello,white,elected,dem,male
TOM VILSACK,Tom Vilsack,white,administration,dem,male
TRANSLATOR FOR BENJAMIN NETANYAHU,Benjamin Netanyahu,white,foreign leader,na,male
TRENT LOTT,Trent Lott,white,elected,rep,male
TREY GOWDY,Trey Gowdy,white,elected,rep,male
TUCKER CARLSON,Tucker Carlson,white,pundit,rep,male
VA SECRETARY ROBERT MCDONALD,Robert McDonald,white,cabinet,dem,male
VICE PRESIDENT ELECT MIKE PENCE,Mike Pence,white,elected,rep,male
VICE PRESIDENT JOE BIDEN,Joe Biden,white,elected,dem,male
VICE PRESIDENT MIKE PENCE,Mike Pence,white,elected,rep,male
WILLIAM M DALEY,Bill Daily,white,administration,dem,male
WOLF BLITZER,Wolf Blitzer,white,journalist,na,male
YAMICHE ALCINDOR,Yamiche Alcindor,black,pundit,dem,female
ZBIGNIEW BRZEZINSKI,Zbigniew Brzezinski,white,administration,dem,male
Zbigniew Brzezinski,Zbigniew Brzezinski,white,administration,dem,male